id,img
31,https://www.palgbc.org/img/news/news31.jpg
38,https://www.palgbc.org/img/news/news38.jpg
33,https://www.palgbc.org/img/news/news33.jpg
34,https://www.palgbc.org/img/news/news34.jpg
24,https://www.palgbc.org/img/news/news24.jpg
30,https://www.palgbc.org/img/news/news30.jpg
23,https://www.palgbc.org/img/news/news23.jpg
13,https://www.palgbc.org/img/news/news13.jpg
14,https://www.palgbc.org/img/news/news14.jpg
16,https://www.palgbc.org/img/news/news16.jpg
29,https://www.palgbc.org/img/news/news29.jpg
23,https://www.palgbc.org/img/news/news23.jpg
17,https://www.palgbc.org/img/news/news17.jpg
19,https://www.palgbc.org/img/news/news19.jpg
27,https://www.palgbc.org/img/news/news27.jpg
15,https://www.palgbc.org/img/news/news15.jpg
26,https://www.palgbc.org/img/news/news266.jpg
21,https://www.palgbc.org/img/news/news21.jpg
36,https://www.palgbc.org/img/news/news36.jpg
37,https://www.palgbc.org/img/news/news37.jpg
35,https://www.palgbc.org/img/news/news35.jpg
28,https://www.palgbc.org/img/news/news11.png
450,https://palgbc.org/img/news/News44333334.jpg
454,https://www.palgbc.org/panel/img/couNews/344419951_892054171892029_8435259809089718114_n (1).jpg
456,https://www.palgbc.org/panel/img/couNews/346448384_202417232653724_747215392978065036_n.jpg
457,https://www.palgbc.org/panel/img/couNews/348618702_785821552887483_6727863420366220691_n.jpg
458,https://www.palgbc.org/panel/img/couNews/352277505_272788438451886_2463178796901096046_n (1).jpg
465,https://www.palgbc.org/panel/img/couNews/BOD.jpg