title,content,img,post_type,panel
يوم الشجرة الفلسطيني                   		,"لوريم ايبسوم دولار سيت أميت ,كونسيكتيتور أدايبا يسكينج أليايت,سيت دو أيوسمود تيمبور أنكايديديونتيوت لابوري ات دولار ماجنا أليكيوا . يوت انيم أد مينيم فينايم,كيواس نوستريد أكسير سيتاشن يللأمكو لابورأس نيسي يت أليكيوب أكس أيا كوممودو كونسيكيوات .",https://www.palgbc.org/img/news/news11.png,event,2
اليوم الوطني للبيئة الفلسطينية,"لوريم ايبسوم دولار سيت أميت ,كونسيكتيتور أدايبا يسكينج أليايت,سيت دو أيوسمود تيمبور أنكايديديونتيوت لابوري ات دولار ماجنا أليكيوا . يوت انيم أد مينيم فينايم,كيواس نوستريد أكسير سيتاشن يللأمكو لابورأس نيسي يت أليكيوب أكس أيا كوممودو كونسيكيوات .",https://www.palgbc.org/img/news/news11.png,event,2
يوم ساعة الارض,"لوريم ايبسوم دولار سيت أميت ,كونسيكتيتور أدايبا يسكينج أليايت,سيت دو أيوسمود تيمبور أنكايديديونتيوت لابوري ات دولار ماجنا أليكيوا . يوت انيم أد مينيم فينايم,كيواس نوستريد أكسير سيتاشن يللأمكو لابورأس نيسي يت أليكيوب أكس أيا كوممودو كونسيكيوات .",https://www.palgbc.org/img/news/news11.png,event,2
يوم بلا ورق,"لوريم ايبسوم دولار سيت أميت ,كونسيكتيتور أدايبا يسكينج أليايت,سيت دو أيوسمود تيمبور أنكايديديونتيوت لابوري ات دولار ماجنا أليكيوا . يوت انيم أد مينيم فينايم,كيواس نوستريد أكسير سيتاشن يللأمكو لابورأس نيسي يت أليكيوب أكس أيا كوممودو كونسيكيوات .",https://www.palgbc.org/img/news/news11.png,event,2
يوم البيئة العالمي,"لوريم ايبسوم دولار سيت أميت ,كونسيكتيتور أدايبا يسكينج أليايت,سيت دو أيوسمود تيمبور أنكايديديونتيوت لابوري ات دولار ماجنا أليكيوا . يوت انيم أد مينيم فينايم,كيواس نوستريد أكسير سيتاشن يللأمكو لابورأس نيسي يت أليكيوب أكس أيا كوممودو كونسيكيوات .",https://www.palgbc.org/img/news/news11.png,event,2
يوم البيئة العربي,"لوريم ايبسوم دولار سيت أميت ,كونسيكتيتور أدايبا يسكينج أليايت,سيت دو أيوسمود تيمبور أنكايديديونتيوت لابوري ات دولار ماجنا أليكيوا . يوت انيم أد مينيم فينايم,كيواس نوستريد أكسير سيتاشن يللأمكو لابورأس نيسي يت أليكيوب أكس أيا كوممودو كونسيكيوات .",https://www.palgbc.org/img/news/news11.png,event,2
يوم الشجرة العالمي ,"لوريم ايبسوم دولار سيت أميت ,كونسيكتيتور أدايبا يسكينج أليايت,سيت دو أيوسمود تيمبور أنكايديديونتيوت لابوري ات دولار ماجنا أليكيوا . يوت انيم أد مينيم فينايم,كيواس نوستريد أكسير سيتاشن يللأمكو لابورأس نيسي يت أليكيوب أكس أيا كوممودو كونسيكيوات .",https://www.palgbc.org/img/news/news11.png,event,2
"اليوم
الوطني للبيئة
الفلسطينية","لوريم ايبسوم دولار سيت أميت ,كونسيكتيتور أدايبا يسكينج أليايت,سيت دو أيوسمود تيمبور أنكايديديونتيوت لابوري ات دولار ماجنا أليكيوا . يوت انيم أد مينيم فينايم,كيواس نوستريد أكسير سيتاشن يللأمكو لابورأس نيسي يت أليكيوب أكس أيا كوممودو كونسيكيوات .",https://www.palgbc.org/img/news/news11.png,event,2
"يوم المياه
العربي","لوريم ايبسوم دولار سيت أميت ,كونسيكتيتور أدايبا يسكينج أليايت,سيت دو أيوسمود تيمبور أنكايديديونتيوت لابوري ات دولار ماجنا أليكيوا . يوت انيم أد مينيم فينايم,كيواس نوستريد أكسير سيتاشن يللأمكو لابورأس نيسي يت أليكيوب أكس أيا كوممودو كونسيكيوات .",https://www.palgbc.org/img/news/news11.png,event,2
اليوم العالمي للأراضي الرطبة,"لوريم ايبسوم دولار سيت أميت ,كونسيكتيتور أدايبا يسكينج أليايت,سيت دو أيوسمود تيمبور أنكايديديونتيوت لابوري ات دولار ماجنا أليكيوا . يوت انيم أد مينيم فينايم,كيواس نوستريد أكسير سيتاشن يللأمكو لابورأس نيسي يت أليكيوب أكس أيا كوممودو كونسيكيوات .",https://www.palgbc.org/img/news/news11.png,event,2
"اليوم العالمي
للأحياء البرية","لوريم ايبسوم دولار سيت أميت ,كونسيكتيتور أدايبا يسكينج أليايت,سيت دو أيوسمود تيمبور أنكايديديونتيوت لابوري ات دولار ماجنا أليكيوا . يوت انيم أد مينيم فينايم,كيواس نوستريد أكسير سيتاشن يللأمكو لابورأس نيسي يت أليكيوب أكس أيا كوممودو كونسيكيوات .",https://www.palgbc.org/img/news/news11.png,event,2
اليوم الدولي للغابات والأشجار,"لوريم ايبسوم دولار سيت أميت ,كونسيكتيتور أدايبا يسكينج أليايت,سيت دو أيوسمود تيمبور أنكايديديونتيوت لابوري ات دولار ماجنا أليكيوا . يوت انيم أد مينيم فينايم,كيواس نوستريد أكسير سيتاشن يللأمكو لابورأس نيسي يت أليكيوب أكس أيا كوممودو كونسيكيوات .",https://www.palgbc.org/img/news/news11.png,event,2
"يوم المياه
العالمي","لوريم ايبسوم دولار سيت أميت ,كونسيكتيتور أدايبا يسكينج أليايت,سيت دو أيوسمود تيمبور أنكايديديونتيوت لابوري ات دولار ماجنا أليكيوا . يوت انيم أد مينيم فينايم,كيواس نوستريد أكسير سيتاشن يللأمكو لابورأس نيسي يت أليكيوب أكس أيا كوممودو كونسيكيوات .",https://www.palgbc.org/img/news/news11.png,event,2
"اليوم العالمي
للأرصاد الجوية","لوريم ايبسوم دولار سيت أميت ,كونسيكتيتور أدايبا يسكينج أليايت,سيت دو أيوسمود تيمبور أنكايديديونتيوت لابوري ات دولار ماجنا أليكيوا . يوت انيم أد مينيم فينايم,كيواس نوستريد أكسير سيتاشن يللأمكو لابورأس نيسي يت أليكيوب أكس أيا كوممودو كونسيكيوات .",https://www.palgbc.org/img/news/news11.png,event,2
"يوم ساعة
الأرض","لوريم ايبسوم دولار سيت أميت ,كونسيكتيتور أدايبا يسكينج أليايت,سيت دو أيوسمود تيمبور أنكايديديونتيوت لابوري ات دولار ماجنا أليكيوا . يوت انيم أد مينيم فينايم,كيواس نوستريد أكسير سيتاشن يللأمكو لابورأس نيسي يت أليكيوب أكس أيا كوممودو كونسيكيوات .",https://www.palgbc.org/img/news/news11.png,event,2
يوم الصحة العالمي,"لوريم ايبسوم دولار سيت أميت ,كونسيكتيتور أدايبا يسكينج أليايت,سيت دو أيوسمود تيمبور أنكايديديونتيوت لابوري ات دولار ماجنا أليكيوا . يوت انيم أد مينيم فينايم,كيواس نوستريد أكسير سيتاشن يللأمكو لابورأس نيسي يت أليكيوب أكس أيا كوممودو كونسيكيوات .",https://www.palgbc.org/img/news/news11.png,event,2
يوم التراث العالمي,"لوريم ايبسوم دولار سيت أميت ,كونسيكتيتور أدايبا يسكينج أليايت,سيت دو أيوسمود تيمبور أنكايديديونتيوت لابوري ات دولار ماجنا أليكيوا . يوت انيم أد مينيم فينايم,كيواس نوستريد أكسير سيتاشن يللأمكو لابورأس نيسي يت أليكيوب أكس أيا كوممودو كونسيكيوات .",https://www.palgbc.org/img/news/news11.png,event,2
يوم الكرة الأرضية,"لوريم ايبسوم دولار سيت أميت ,كونسيكتيتور أدايبا يسكينج أليايت,سيت دو أيوسمود تيمبور أنكايديديونتيوت لابوري ات دولار ماجنا أليكيوا . يوت انيم أد مينيم فينايم,كيواس نوستريد أكسير سيتاشن يللأمكو لابورأس نيسي يت أليكيوب أكس أيا كوممودو كونسيكيوات .",https://www.palgbc.org/img/news/news11.png,event,2
يوم النظافة الوطني,"لوريم ايبسوم دولار سيت أميت ,كونسيكتيتور أدايبا يسكينج أليايت,سيت دو أيوسمود تيمبور أنكايديديونتيوت لابوري ات دولار ماجنا أليكيوا . يوت انيم أد مينيم فينايم,كيواس نوستريد أكسير سيتاشن يللأمكو لابورأس نيسي يت أليكيوب أكس أيا كوممودو كونسيكيوات .",https://www.palgbc.org/img/news/news11.png,event,2
اليوم العالمي للطيور المهاجرة,"لوريم ايبسوم دولار سيت أميت ,كونسيكتيتور أدايبا يسكينج أليايت,سيت دو أيوسمود تيمبور أنكايديديونتيوت لابوري ات دولار ماجنا أليكيوا . يوت انيم أد مينيم فينايم,كيواس نوستريد أكسير سيتاشن يللأمكو لابورأس نيسي يت أليكيوب أكس أيا كوممودو كونسيكيوات .",https://www.palgbc.org/img/news/news11.png,event,2
اليوم العالمي للنحل,"لوريم ايبسوم دولار سيت أميت ,كونسيكتيتور أدايبا يسكينج أليايت,سيت دو أيوسمود تيمبور أنكايديديونتيوت لابوري ات دولار ماجنا أليكيوا . يوت انيم أد مينيم فينايم,كيواس نوستريد أكسير سيتاشن يللأمكو لابورأس نيسي يت أليكيوب أكس أيا كوممودو كونسيكيوات .",https://www.palgbc.org/img/news/news11.png,event,2
اليوم العالمي للتنوع الحيوي,"لوريم ايبسوم دولار سيت أميت ,كونسيكتيتور أدايبا يسكينج أليايت,سيت دو أيوسمود تيمبور أنكايديديونتيوت لابوري ات دولار ماجنا أليكيوا . يوت انيم أد مينيم فينايم,كيواس نوستريد أكسير سيتاشن يللأمكو لابورأس نيسي يت أليكيوب أكس أيا كوممودو كونسيكيوات .",https://www.palgbc.org/img/news/news11.png,event,2
اليوم العالمي للكف عن التدخين,"لوريم ايبسوم دولار سيت أميت ,كونسيكتيتور أدايبا يسكينج أليايت,سيت دو أيوسمود تيمبور أنكايديديونتيوت لابوري ات دولار ماجنا أليكيوا . يوت انيم أد مينيم فينايم,كيواس نوستريد أكسير سيتاشن يللأمكو لابورأس نيسي يت أليكيوب أكس أيا كوممودو كونسيكيوات .",https://www.palgbc.org/img/news/news11.png,event,2
اليوم العالمي للدراجة الهوائية,"لوريم ايبسوم دولار سيت أميت ,كونسيكتيتور أدايبا يسكينج أليايت,سيت دو أيوسمود تيمبور أنكايديديونتيوت لابوري ات دولار ماجنا أليكيوا . يوت انيم أد مينيم فينايم,كيواس نوستريد أكسير سيتاشن يللأمكو لابورأس نيسي يت أليكيوب أكس أيا كوممودو كونسيكيوات .",https://www.palgbc.org/img/news/news11.png,event,2
اليوم الدولي لمكافحة الصيد غير القانوني,"لوريم ايبسوم دولار سيت أميت ,كونسيكتيتور أدايبا يسكينج أليايت,سيت دو أيوسمود تيمبور أنكايديديونتيوت لابوري ات دولار ماجنا أليكيوا . يوت انيم أد مينيم فينايم,كيواس نوستريد أكسير سيتاشن يللأمكو لابورأس نيسي يت أليكيوب أكس أيا كوممودو كونسيكيوات .",https://www.palgbc.org/img/news/news11.png,event,2
اليوم العالمي للمحيطات,"لوريم ايبسوم دولار سيت أميت ,كونسيكتيتور أدايبا يسكينج أليايت,سيت دو أيوسمود تيمبور أنكايديديونتيوت لابوري ات دولار ماجنا أليكيوا . يوت انيم أد مينيم فينايم,كيواس نوستريد أكسير سيتاشن يللأمكو لابورأس نيسي يت أليكيوب أكس أيا كوممودو كونسيكيوات .",https://www.palgbc.org/img/news/news11.png,event,2
اليوم العالمي لمكافحة الجفاف والتصحر,"لوريم ايبسوم دولار سيت أميت ,كونسيكتيتور أدايبا يسكينج أليايت,سيت دو أيوسمود تيمبور أنكايديديونتيوت لابوري ات دولار ماجنا أليكيوا . يوت انيم أد مينيم فينايم,كيواس نوستريد أكسير سيتاشن يللأمكو لابورأس نيسي يت أليكيوب أكس أيا كوممودو كونسيكيوات .",https://www.palgbc.org/img/news/news11.png,event,2
اليوم العالمي للتخلص من الأكياس البلاستيكية,"لوريم ايبسوم دولار سيت أميت ,كونسيكتيتور أدايبا يسكينج أليايت,سيت دو أيوسمود تيمبور أنكايديديونتيوت لابوري ات دولار ماجنا أليكيوا . يوت انيم أد مينيم فينايم,كيواس نوستريد أكسير سيتاشن يللأمكو لابورأس نيسي يت أليكيوب أكس أيا كوممودو كونسيكيوات .",https://www.palgbc.org/img/news/news11.png,event,2
يوم السكان العالمي,"لوريم ايبسوم دولار سيت أميت ,كونسيكتيتور أدايبا يسكينج أليايت,سيت دو أيوسمود تيمبور أنكايديديونتيوت لابوري ات دولار ماجنا أليكيوا . يوت انيم أد مينيم فينايم,كيواس نوستريد أكسير سيتاشن يللأمكو لابورأس نيسي يت أليكيوب أكس أيا كوممودو كونسيكيوات .",https://www.palgbc.org/img/news/news11.png,event,2
بدء موسم هجرة الطيور الخريفية,"لوريم ايبسوم دولار سيت أميت ,كونسيكتيتور أدايبا يسكينج أليايت,سيت دو أيوسمود تيمبور أنكايديديونتيوت لابوري ات دولار ماجنا أليكيوا . يوت انيم أد مينيم فينايم,كيواس نوستريد أكسير سيتاشن يللأمكو لابورأس نيسي يت أليكيوب أكس أيا كوممودو كونسيكيوات .",https://www.palgbc.org/img/news/news11.png,event,2
يوم النظافة العالمي,"لوريم ايبسوم دولار سيت أميت ,كونسيكتيتور أدايبا يسكينج أليايت,سيت دو أيوسمود تيمبور أنكايديديونتيوت لابوري ات دولار ماجنا أليكيوا . يوت انيم أد مينيم فينايم,كيواس نوستريد أكسير سيتاشن يللأمكو لابورأس نيسي يت أليكيوب أكس أيا كوممودو كونسيكيوات .",https://www.palgbc.org/img/news/news11.png,event,2
Ozone day,"لوريم ايبسوم دولار سيت أميت ,كونسيكتيتور أدايبا يسكينج أليايت,سيت دو أيوسمود تيمبور أنكايديديونتيوت لابوري ات دولار ماجنا أليكيوا . يوت انيم أد مينيم فينايم,كيواس نوستريد أكسير سيتاشن يللأمكو لابورأس نيسي يت أليكيوب أكس أيا كوممودو كونسيكيوات .",https://www.palgbc.org/img/news/news11.png,event,2
يوم مراقبة المياه العالمي,"لوريم ايبسوم دولار سيت أميت ,كونسيكتيتور أدايبا يسكينج أليايت,سيت دو أيوسمود تيمبور أنكايديديونتيوت لابوري ات دولار ماجنا أليكيوا . يوت انيم أد مينيم فينايم,كيواس نوستريد أكسير سيتاشن يللأمكو لابورأس نيسي يت أليكيوب أكس أيا كوممودو كونسيكيوات .",https://www.palgbc.org/img/news/news11.png,event,2
حملة نظفوا العالم,"لوريم ايبسوم دولار سيت أميت ,كونسيكتيتور أدايبا يسكينج أليايت,سيت دو أيوسمود تيمبور أنكايديديونتيوت لابوري ات دولار ماجنا أليكيوا . يوت انيم أد مينيم فينايم,كيواس نوستريد أكسير سيتاشن يللأمكو لابورأس نيسي يت أليكيوب أكس أيا كوممودو كونسيكيوات .",https://www.palgbc.org/img/news/news11.png,event,2
الأسبوع العالمي للأبنية الخضراء,"لوريم ايبسوم دولار سيت أميت ,كونسيكتيتور أدايبا يسكينج أليايت,سيت دو أيوسمود تيمبور أنكايديديونتيوت لابوري ات دولار ماجنا أليكيوا . يوت انيم أد مينيم فينايم,كيواس نوستريد أكسير سيتاشن يللأمكو لابورأس نيسي يت أليكيوب أكس أيا كوممودو كونسيكيوات .",https://www.palgbc.org/img/news/news11.png,event,2
يوم الزراعة العربي,"لوريم ايبسوم دولار سيت أميت ,كونسيكتيتور أدايبا يسكينج أليايت,سيت دو أيوسمود تيمبور أنكايديديونتيوت لابوري ات دولار ماجنا أليكيوا . يوت انيم أد مينيم فينايم,كيواس نوستريد أكسير سيتاشن يللأمكو لابورأس نيسي يت أليكيوب أكس أيا كوممودو كونسيكيوات .",https://www.palgbc.org/img/news/news11.png,event,2
يوم السياحة العالمي,"لوريم ايبسوم دولار سيت أميت ,كونسيكتيتور أدايبا يسكينج أليايت,سيت دو أيوسمود تيمبور أنكايديديونتيوت لابوري ات دولار ماجنا أليكيوا . يوت انيم أد مينيم فينايم,كيواس نوستريد أكسير سيتاشن يللأمكو لابورأس نيسي يت أليكيوب أكس أيا كوممودو كونسيكيوات .",https://www.palgbc.org/img/news/news11.png,event,2
"اليوم العالمي
للموئل","لوريم ايبسوم دولار سيت أميت ,كونسيكتيتور أدايبا يسكينج أليايت,سيت دو أيوسمود تيمبور أنكايديديونتيوت لابوري ات دولار ماجنا أليكيوا . يوت انيم أد مينيم فينايم,كيواس نوستريد أكسير سيتاشن يللأمكو لابورأس نيسي يت أليكيوب أكس أيا كوممودو كونسيكيوات .",https://www.palgbc.org/img/news/news11.png,event,2
يوم الحيوان العالمي,"لوريم ايبسوم دولار سيت أميت ,كونسيكتيتور أدايبا يسكينج أليايت,سيت دو أيوسمود تيمبور أنكايديديونتيوت لابوري ات دولار ماجنا أليكيوا . يوت انيم أد مينيم فينايم,كيواس نوستريد أكسير سيتاشن يللأمكو لابورأس نيسي يت أليكيوب أكس أيا كوممودو كونسيكيوات .",https://www.palgbc.org/img/news/news11.png,event,2
الاسبوع العالمي للفضاء,"لوريم ايبسوم دولار سيت أميت ,كونسيكتيتور أدايبا يسكينج أليايت,سيت دو أيوسمود تيمبور أنكايديديونتيوت لابوري ات دولار ماجنا أليكيوا . يوت انيم أد مينيم فينايم,كيواس نوستريد أكسير سيتاشن يللأمكو لابورأس نيسي يت أليكيوب أكس أيا كوممودو كونسيكيوات .",https://www.palgbc.org/img/news/news11.png,event,2
اليوم الدولي للحد من الكوارث الطبيعية,"لوريم ايبسوم دولار سيت أميت ,كونسيكتيتور أدايبا يسكينج أليايت,سيت دو أيوسمود تيمبور أنكايديديونتيوت لابوري ات دولار ماجنا أليكيوا . يوت انيم أد مينيم فينايم,كيواس نوستريد أكسير سيتاشن يللأمكو لابورأس نيسي يت أليكيوب أكس أيا كوممودو كونسيكيوات .",https://www.palgbc.org/img/news/news11.png,event,2
"بدء موسم
قطف الزيتون","لوريم ايبسوم دولار سيت أميت ,كونسيكتيتور أدايبا يسكينج أليايت,سيت دو أيوسمود تيمبور أنكايديديونتيوت لابوري ات دولار ماجنا أليكيوا . يوت انيم أد مينيم فينايم,كيواس نوستريد أكسير سيتاشن يللأمكو لابورأس نيسي يت أليكيوب أكس أيا كوممودو كونسيكيوات .",https://www.palgbc.org/img/news/news11.png,event,2
يوم الغذاء العالمي,"لوريم ايبسوم دولار سيت أميت ,كونسيكتيتور أدايبا يسكينج أليايت,سيت دو أيوسمود تيمبور أنكايديديونتيوت لابوري ات دولار ماجنا أليكيوا . يوت انيم أد مينيم فينايم,كيواس نوستريد أكسير سيتاشن يللأمكو لابورأس نيسي يت أليكيوب أكس أيا كوممودو كونسيكيوات .",https://www.palgbc.org/img/news/news11.png,event,2
اليوم الدولي للقضاء على الفقر,"لوريم ايبسوم دولار سيت أميت ,كونسيكتيتور أدايبا يسكينج أليايت,سيت دو أيوسمود تيمبور أنكايديديونتيوت لابوري ات دولار ماجنا أليكيوا . يوت انيم أد مينيم فينايم,كيواس نوستريد أكسير سيتاشن يللأمكو لابورأس نيسي يت أليكيوب أكس أيا كوممودو كونسيكيوات .",https://www.palgbc.org/img/news/news11.png,event,2
"اليوم العالمي
للتربة","لوريم ايبسوم دولار سيت أميت ,كونسيكتيتور أدايبا يسكينج أليايت,سيت دو أيوسمود تيمبور أنكايديديونتيوت لابوري ات دولار ماجنا أليكيوا . يوت انيم أد مينيم فينايم,كيواس نوستريد أكسير سيتاشن يللأمكو لابورأس نيسي يت أليكيوب أكس أيا كوممودو كونسيكيوات .",https://www.palgbc.org/img/news/news11.png,event,2
اليوم الدولي لمنع استخدام البيئة في الحروب والصراعات العسكرية,"لوريم ايبسوم دولار سيت أميت ,كونسيكتيتور أدايبا يسكينج أليايت,سيت دو أيوسمود تيمبور أنكايديديونتيوت لابوري ات دولار ماجنا أليكيوا . يوت انيم أد مينيم فينايم,كيواس نوستريد أكسير سيتاشن يللأمكو لابورأس نيسي يت أليكيوب أكس أيا كوممودو كونسيكيوات .",https://www.palgbc.org/img/news/news11.png,event,2
"يوم التطوع
العالمي","لوريم ايبسوم دولار سيت أميت ,كونسيكتيتور أدايبا يسكينج أليايت,سيت دو أيوسمود تيمبور أنكايديديونتيوت لابوري ات دولار ماجنا أليكيوا . يوت انيم أد مينيم فينايم,كيواس نوستريد أكسير سيتاشن يللأمكو لابورأس نيسي يت أليكيوب أكس أيا كوممودو كونسيكيوات .",https://www.palgbc.org/img/news/news11.png,event,2
اليوم الدولي للجبال,"لوريم ايبسوم دولار سيت أميت ,كونسيكتيتور أدايبا يسكينج أليايت,سيت دو أيوسمود تيمبور أنكايديديونتيوت لابوري ات دولار ماجنا أليكيوا . يوت انيم أد مينيم فينايم,كيواس نوستريد أكسير سيتاشن يللأمكو لابورأس نيسي يت أليكيوب أكس أيا كوممودو كونسيكيوات .",https://www.palgbc.org/img/news/news11.png,event,2